Evento,Fecha,HoraUTC,HoraLocal,Latitud,Longitud,Profundidad,Magnitud,Tipo_Magnitud,Intensidad,Localizacion,Imagen
es2021twqvz,10/10/2021,17:13:54,18:13:54,28.5643,-17.8286,11,3.2,mbLg,III,SW VILLA DE MAZO.ILP,NA
es2021twouc,10/10/2021,16:10:53,17:10:53,28.5629,-17.8394,11,3.1,mbLg,II-III,NE FUENCALIENTE DE LA PALMA.IL,NA
es2021twiye,10/10/2021,13:13:48,14:13:48,28.5672,-17.8351,13,3.3,mbLg,III,SW VILLA DE MAZO.ILP,NA
es2021twird,10/10/2021,13:05:40,14:05:40,28.5639,-17.8420,38,4.0,mbLg,III,N FUENCALIENTE DE LA PALMA.ILP,NA
es2021twhkh,10/10/2021,12:27:20,13:27:20,28.6292,-17.7921,37,3.0,mbLg,II,SW BRE헤 BAJA.ILP,NA
es2021twgij,10/10/2021,11:54:46,12:54:46,28.5744,-17.8193,37,4.1,mbLg,III,SW VILLA DE MAZO.ILP,NA
es2021twcmv,10/10/2021,09:58:54,11:58:54,37.9119,-1.0877,10,2.3,mbLg,III,SE MURCIA.MU,NA
es2021twbkt,10/10/2021,09:26:27,10:26:27,28.5820,-17.8182,37,3.7,mbLg,II-III,SW VILLA DE MAZO.ILP,NA
es2021tvsez,10/10/2021,04:46:31,05:46:31,28.5637,-17.8375,14,3.5,mbLg,III,NE FUENCALIENTE DE LA PALMA.IL,NA
es2021tvmpw,10/10/2021,01:57:22,02:57:22,28.5603,-17.8118,34,3.8,mbLg,III,SW VILLA DE MAZO.ILP,NA
es2021tviuk,10/10/2021,00:01:25,01:01:25,28.5533,-17.8387,14,3.4,mbLg,II-III,NE FUENCALIENTE DE LA PALMA.IL,NA
es2021tvdwj,09/10/2021,21:32:11,22:32:11,28.5625,-17.8485,11,3.2,mbLg,II,N FUENCALIENTE DE LA PALMA.ILP,NA
es2021tvcqg,09/10/2021,20:54:45,21:54:45,28.5571,-17.8332,11,3.6,mbLg,IV,NE FUENCALIENTE DE LA PALMA.IL,NA
es2021tvbsx,09/10/2021,20:27:30,21:27:30,28.5509,-17.8210,36,3.8,mbLg,II-III,NE FUENCALIENTE DE LA PALMA.IL,NA
es2021tvazs,09/10/2021,20:05:35,21:05:35,28.5618,-17.8758,37,3.9,mbLg,III,NW FUENCALIENTE DE LA PALMA.IL,NA
es2021tuvxf,09/10/2021,17:30:42,18:30:42,28.5680,-17.8428,11,3.5,mbLg,II-III,N FUENCALIENTE DE LA PALMA.ILP,NA
es2021tuvwi,09/10/2021,17:29:39,18:29:39,28.5675,-17.8505,38,3.1,mbLg,III,N FUENCALIENTE DE LA PALMA.ILP,NA
es2021tuthy,09/10/2021,16:12:17,17:12:17,28.5845,-17.7951,40,3.6,mbLg,II,SW VILLA DE MAZO.ILP,NA
es2021turyx,09/10/2021,15:31:28,16:31:28,28.5568,-17.8417,13,3.6,mbLg,III,NE FUENCALIENTE DE LA PALMA.IL,NA
es2021tuqgj,09/10/2021,14:39:49,15:39:49,28.5696,-17.8340,13,3.6,mbLg,III,SW VILLA DE MAZO.ILP,NA
es2021tuidf,09/10/2021,10:33:36,11:33:36,28.5685,-17.8370,12,3.6,mbLg,III,SW VILLA DE MAZO.ILP,NA
es2021tufzs,09/10/2021,09:28:42,10:28:42,28.5872,-17.7969,31,3.8,mbLg,III,SW VILLA DE MAZO.ILP,NA
es2021tudkx,09/10/2021,08:10:48,09:10:48,28.5734,-17.8316,11,3.4,mbLg,III-IV,SW VILLA DE MAZO.ILP,NA
es2021tuaat,09/10/2021,06:28:20,07:28:20,28.5548,-17.8426,11,3.2,mbLg,III,NE FUENCALIENTE DE LA PALMA.IL,NA
es2021ttrhb,09/10/2021,02:02:43,03:02:43,28.5694,-17.8335,11,3.0,mbLg,Sentido,SW VILLA DE MAZO.ILP,NA
es2021ttnbq,08/10/2021,23:55:06,00:55:06,28.5839,-17.8229,38,4.2,mbLg,III,SW VILLA DE MAZO.ILP,NA
es2021ttajc,08/10/2021,17:30:02,18:30:02,28.5629,-17.8417,14,2.8,mbLg,III,N FUENCALIENTE DE LA PALMA.ILP,NA
es2021tsrkd,08/10/2021,12:58:16,13:58:16,28.5564,-17.8332,13,3.1,mbLg,III,NE FUENCALIENTE DE LA PALMA.IL,NA
es2021tsqzq,08/10/2021,12:46:00,13:46:00,28.5735,-17.8458,12,3.9,mbLg,III,SW VILLA DE MAZO.ILP,NA
es2021tspoe,08/10/2021,12:02:22,13:02:22,28.5626,-17.8390,13,3.4,mbLg,III,NE FUENCALIENTE DE LA PALMA.IL,NA
es2021tsfrr,08/10/2021,07:03:22,08:03:22,28.5634,-17.8382,13,3.3,mbLg,II,NE FUENCALIENTE DE LA PALMA.IL,NA
es2021tsffj,08/10/2021,06:49:01,07:49:01,28.5558,-17.8371,14,3.3,mbLg,III,NE FUENCALIENTE DE LA PALMA.IL,NA
es2021tsevo,08/10/2021,06:37:33,07:37:33,28.5624,-17.8459,11,2.8,mbLg,I-II,N FUENCALIENTE DE LA PALMA.ILP,NA
es2021tseoo,08/10/2021,06:29:26,07:29:26,28.5609,-17.8439,13,3.3,mbLg,II,N FUENCALIENTE DE LA PALMA.ILP,NA
es2021tsbfg,08/10/2021,04:47:39,05:47:39,28.5585,-17.8649,10,3.6,mbLg,II-III,N FUENCALIENTE DE LA PALMA.ILP,NA
es2021tsamr,08/10/2021,04:26:00,05:26:00,28.5499,-17.8345,14,3.3,mbLg,I-II,NE FUENCALIENTE DE LA PALMA.IL,NA
es2021tsaau,08/10/2021,04:12:10,05:12:10,28.5600,-17.8499,10,3.3,mbLg,I-II,N FUENCALIENTE DE LA PALMA.ILP,NA
es2021tryrn,08/10/2021,03:31:03,04:31:03,28.5810,-17.8300,38,3.8,mbLg,III,SW VILLA DE MAZO.ILP,NA
es2021trwpv,08/10/2021,02:28:26,03:28:26,28.5500,-17.8337,14,2.6,mbLg,Sentido,NE FUENCALIENTE DE LA PALMA.IL,NA
es2021trvpj,08/10/2021,01:57:34,02:57:34,28.5517,-17.8309,14,2.6,mbLg,I-II,NE FUENCALIENTE DE LA PALMA.IL,NA
es2021truzx,08/10/2021,01:39:48,02:39:48,28.5646,-17.8291,14,3.1,mbLg,II-III,SW VILLA DE MAZO.ILP,NA
es2021trtfd,08/10/2021,00:45:02,01:45:02,28.5552,-17.8317,12,3.3,mbLg,II,NE FUENCALIENTE DE LA PALMA.IL,NA
es2021trsei,08/10/2021,00:13:49,01:13:49,28.5478,-17.8322,14,3.2,mbLg,II,NE FUENCALIENTE DE LA PALMA.IL,NA
es2021trrmj,07/10/2021,23:52:50,00:52:50,28.5637,-17.8034,39,2.7,mbLg,I-II,SW VILLA DE MAZO.ILP,NA
es2021trqty,07/10/2021,23:31:23,00:31:23,28.5535,-17.8425,15,3.0,mbLg,I-II,NE FUENCALIENTE DE LA PALMA.IL,NA
es2021trpic,07/10/2021,22:47:16,23:47:16,28.5536,-17.8311,14,3.5,mbLg,III,NE FUENCALIENTE DE LA PALMA.IL,NA
es2021trojh,07/10/2021,22:18:22,23:18:22,28.5514,-17.8477,14,3.0,mbLg,II,N FUENCALIENTE DE LA PALMA.ILP,NA
es2021trnzu,07/10/2021,22:07:17,23:07:17,28.5620,-17.8477,10,2.2,mbLg,I-II,N FUENCALIENTE DE LA PALMA.ILP,NA
es2021trnpl,07/10/2021,21:55:32,22:55:32,28.5642,-17.8207,11,3.1,mbLg,II,SW VILLA DE MAZO.ILP,NA
es2021trklg,07/10/2021,20:19:24,21:19:24,28.5560,-17.8408,13,3.4,mbLg,II-III,NE FUENCALIENTE DE LA PALMA.IL,NA
es2021trizi,07/10/2021,19:35:12,20:35:12,28.5612,-17.8362,11,2.8,mbLg,I-II,NE FUENCALIENTE DE LA PALMA.IL,NA
es2021trhqu,07/10/2021,18:55:36,19:55:36,28.5628,-17.8485,13,3.4,mbLg,II,N FUENCALIENTE DE LA PALMA.ILP,NA
es2021trhge,07/10/2021,18:42:40,19:42:40,28.5690,-17.8428,10,3.1,mbLg,I-II,N FUENCALIENTE DE LA PALMA.ILP,NA
es2021treit,07/10/2021,17:14:38,18:14:38,28.5581,-17.8207,14,3.5,mbLg,III,SW VILLA DE MAZO.ILP,NA
es2021trdqe,07/10/2021,16:52:59,17:52:59,28.5625,-17.8395,10,3.4,mbLg,II,NE FUENCALIENTE DE LA PALMA.IL,NA
es2021trdli,07/10/2021,16:47:20,17:47:20,28.5596,-17.8472,13,2.6,mbLg,I-II,N FUENCALIENTE DE LA PALMA.ILP,NA
es2021trcnk,07/10/2021,16:19:28,17:19:28,28.5653,-17.8391,14,2.7,mbLg,II,NE FUENCALIENTE DE LA PALMA.IL,NA
es2021trcih,07/10/2021,16:13:42,17:13:42,28.5603,-17.8463,13,2.9,mbLg,I-II,N FUENCALIENTE DE LA PALMA.ILP,NA
es2021trbqq,07/10/2021,15:52:54,16:52:54,28.5602,-17.8380,12,3.1,mbLg,I-II,NE FUENCALIENTE DE LA PALMA.IL,NA
es2021trbnm,07/10/2021,15:49:15,16:49:15,28.5753,-17.8440,10,3.6,mbLg,III,SW VILLA DE MAZO.ILP,NA
es2021tqyub,07/10/2021,14:26:04,15:26:04,28.5817,-17.8323,37,3.8,mbLg,III,SW VILLA DE MAZO.ILP,NA
es2021tqwti,07/10/2021,13:24:32,14:24:32,28.5511,-17.8529,14,3.2,mbLg,II,N FUENCALIENTE DE LA PALMA.ILP,NA
es2021tqwce,07/10/2021,13:04:31,14:04:31,28.5706,-17.7979,34,2.9,mbLg,I-II,SW VILLA DE MAZO.ILP,NA
es2021tqsob,07/10/2021,11:17:10,12:17:10,28.5761,-17.7924,35,4.3,mbLg,III,SW VILLA DE MAZO.ILP,NA
es2021tqsdt,07/10/2021,11:05:08,12:05:08,28.5564,-17.8270,14,3.3,mbLg,II,NE FUENCALIENTE DE LA PALMA.IL,NA
es2021tqrjc,07/10/2021,10:41:04,11:41:04,28.5556,-17.8399,12,3.4,mbLg,II,NE FUENCALIENTE DE LA PALMA.IL,NA
es2021tqnjk,07/10/2021,08:40:12,09:40:12,28.5474,-17.8404,14,3.3,mbLg,I-II,NE FUENCALIENTE DE LA PALMA.IL,NA
es2021tqmbj,07/10/2021,08:00:30,09:00:30,28.5524,-17.8455,8,2.4,mbLg,I-II,N FUENCALIENTE DE LA PALMA.ILP,NA
es2021tqkrn,07/10/2021,07:18:45,08:18:45,28.5695,-17.8341,11,3.5,mbLg,II-III,SW VILLA DE MAZO.ILP,NA
es2021tqjtg,07/10/2021,06:50:27,07:50:27,28.5708,-17.8319,10,2.9,mbLg,I-II,SW VILLA DE MAZO.ILP,NA
es2021tqjeb,07/10/2021,06:32:42,07:32:42,28.5535,-17.8212,13,2.7,mbLg,I-II,NE FUENCALIENTE DE LA PALMA.IL,NA
es2021tqipw,07/10/2021,06:16:10,07:16:10,28.5601,-17.8374,12,3.0,mbLg,I-II,NE FUENCALIENTE DE LA PALMA.IL,NA
es2021tpxhx,07/10/2021,00:33:31,01:33:31,28.5657,-17.8356,10,3.5,mbLg,III,SW VILLA DE MAZO.ILP,NA
es2021tpupz,06/10/2021,23:11:59,00:11:59,28.5609,-17.8430,10,2.7,mbLg,III,N FUENCALIENTE DE LA PALMA.ILP,NA
es2021tpubd,06/10/2021,22:54:43,23:54:43,28.5554,-17.8328,12,3.5,mbLg,III,NE FUENCALIENTE DE LA PALMA.IL,NA
es2021tptxn,06/10/2021,22:50:30,23:50:30,28.5616,-17.8377,11,3.7,mbLg,III,NE FUENCALIENTE DE LA PALMA.IL,NA
es2021tptsr,06/10/2021,22:45:40,23:45:40,28.5663,-17.8247,11,3.4,mbLg,III,SW VILLA DE MAZO.ILP,NA
es2021tptqh,06/10/2021,22:42:04,23:42:04,28.5510,-17.8325,13,3.9,mbLg,III-IV,NE FUENCALIENTE DE LA PALMA.IL,NA
es2021tptls,06/10/2021,22:37:01,23:37:01,28.5585,-17.8383,11,3.1,mbLg,II-III,NE FUENCALIENTE DE LA PALMA.IL,NA
es2021tpsql,06/10/2021,22:11:56,23:11:56,28.5584,-17.8387,11,3.4,mbLg,III,NE FUENCALIENTE DE LA PALMA.IL,NA
es2021tpsgp,06/10/2021,22:00:27,23:00:27,28.5599,-17.8360,11,3.3,mbLg,II-III,NE FUENCALIENTE DE LA PALMA.IL,NA
es2021tprhr,06/10/2021,21:31:24,22:31:24,28.5555,-17.8185,13,3.0,mbLg,I-II,SW VILLA DE MAZO.ILP,NA
es2021tpqkd,06/10/2021,21:04:12,22:04:12,28.5691,-17.8379,11,2.6,mbLg,I-II,SW VILLA DE MAZO.ILP,NA
es2021tppbi,06/10/2021,20:23:23,21:23:23,28.5548,-17.8387,14,3.4,mbLg,III,NE FUENCALIENTE DE LA PALMA.IL,NA
es2021tpmev,06/10/2021,18:56:43,19:56:43,28.5824,-17.8236,37,3.7,mbLg,II-III,SW VILLA DE MAZO.ILP,NA
es2021tpeua,06/10/2021,15:12:00,16:12:00,28.5700,-17.8333,10,3.5,mbLg,III,SW VILLA DE MAZO.ILP,NA
es2021tpdxf,06/10/2021,14:45:16,15:45:16,28.5625,-17.8396,11,3.2,mbLg,II,NE FUENCALIENTE DE LA PALMA.IL,NA
es2021tpczv,06/10/2021,14:17:58,15:17:58,28.5554,-17.8333,13,3.4,mbLg,II,NE FUENCALIENTE DE LA PALMA.IL,NA
es2021tpcev,06/10/2021,13:53:27,14:53:27,28.5643,-17.8263,12,2.4,mbLg,I-II,SW VILLA DE MAZO.ILP,NA
es2021tpbvy,06/10/2021,13:43:08,14:43:08,28.5548,-17.8389,13,3.3,mbLg,II,NE FUENCALIENTE DE LA PALMA.IL,NA
es2021tpaat,06/10/2021,12:48:19,13:48:19,28.5709,-17.8356,11,3.2,mbLg,II,SW VILLA DE MAZO.ILP,NA
es2021tozvy,06/10/2021,12:42:31,13:42:31,28.5779,-17.8268,36,3.2,mbLg,II,SW VILLA DE MAZO.ILP,NA
es2021tozlu,06/10/2021,12:30:39,13:30:39,28.5713,-17.8295,11,3.0,mbLg,II,SW VILLA DE MAZO.ILP,NA
es2021toxua,06/10/2021,11:39:40,12:39:40,28.5587,-17.8336,12,3.7,mbLg,III,NE FUENCALIENTE DE LA PALMA.IL,NA
es2021toxes,06/10/2021,11:21:48,12:21:48,28.5659,-17.8380,38,2.7,mbLg,II,NE FUENCALIENTE DE LA PALMA.IL,NA
es2021towfa,06/10/2021,10:51:49,11:51:49,28.5842,-17.8286,40,3.4,mbLg,II,SW VILLA DE MAZO.ILP,NA
es2021tovfx,06/10/2021,10:22:35,11:22:35,28.5596,-17.8477,12,2.8,mbLg,I-II,N FUENCALIENTE DE LA PALMA.ILP,NA
es2021toqpm,06/10/2021,08:02:13,09:02:13,28.5583,-17.8385,13,3.2,mbLg,II-III,NE FUENCALIENTE DE LA PALMA.IL,NA
es2021topkf,06/10/2021,07:25:47,08:25:47,28.5583,-17.8362,37,3.6,mbLg,II,NE FUENCALIENTE DE LA PALMA.IL,NA
es2021tommr,06/10/2021,05:57:44,06:57:44,28.5520,-17.8347,14,3.3,mbLg,III,NE FUENCALIENTE DE LA PALMA.IL,NA
es2021tokhp,06/10/2021,04:51:09,06:51:09,41.0701,-1.9203,,3.2,mbLg,II,SW MILMARCOS.GU,NA
es2021toevy,06/10/2021,02:06:17,03:06:17,28.5646,-17.8383,11,3.3,mbLg,II,NE FUENCALIENTE DE LA PALMA.IL,NA
es2021todlo,06/10/2021,01:23:38,02:23:38,28.5832,-17.8405,10,2.6,mbLg,I-II,SW VILLA DE MAZO.ILP,NA
es2021tocyl,06/10/2021,01:08:21,02:08:21,28.5611,-17.8376,13,3.1,mbLg,II,NE FUENCALIENTE DE LA PALMA.IL,NA
es2021tnvgt,05/10/2021,21:15:34,22:15:34,28.5610,-17.8439,11,2.4,mbLg,I-II,N FUENCALIENTE DE LA PALMA.ILP,NA
es2021tntmm,05/10/2021,20:21:39,21:21:39,28.5618,-17.8371,11,3.4,mbLg,II,NE FUENCALIENTE DE LA PALMA.IL,NA
es2021tntac,05/10/2021,20:07:13,21:07:13,28.5487,-17.8443,14,3.3,mbLg,I-II,NE FUENCALIENTE DE LA PALMA.IL,NA
es2021tnrbh,05/10/2021,19:07:57,20:07:57,28.5543,-17.8404,14,2.8,mbLg,II,NE FUENCALIENTE DE LA PALMA.IL,NA
es2021tnoah,05/10/2021,17:36:02,18:36:02,28.5771,-17.8192,14,2.9,mbLg,I-II,SW VILLA DE MAZO.ILP,NA
es2021tnmbu,05/10/2021,16:37:03,17:37:03,28.5541,-17.8334,13,3.4,mbLg,II-III,NE FUENCALIENTE DE LA PALMA.IL,NA
es2021tnhcg,05/10/2021,14:06:01,15:06:01,28.5782,-17.8564,10,2.7,mbLg,I-II,SE EL PASO.ILP,NA
es2021tngtz,05/10/2021,13:57:06,14:57:06,28.5786,-17.8284,37,3.6,mbLg,II,SW VILLA DE MAZO.ILP,NA
es2021tngkf,05/10/2021,13:44:59,14:44:59,28.5671,-17.8367,11,2.8,mbLg,I-II,SW VILLA DE MAZO.ILP,NA
es2021tndkv,05/10/2021,12:14:47,13:14:47,28.5671,-17.8373,13,3.5,mbLg,III,SW VILLA DE MAZO.ILP,NA
es2021tmxzs,05/10/2021,09:31:09,10:31:09,28.5549,-17.8350,13,3.5,mbLg,II-III,NE FUENCALIENTE DE LA PALMA.IL,NA
es2021tmwju,05/10/2021,08:41:25,09:41:25,28.5539,-17.8355,13,3.3,mbLg,II-III,NE FUENCALIENTE DE LA PALMA.IL,NA
es2021tmvzm,05/10/2021,08:29:25,09:29:25,28.5685,-17.8476,12,3.6,mbLg,III,N FUENCALIENTE DE LA PALMA.ILP,NA
es2021tmtrm,05/10/2021,07:19:36,08:19:36,28.5667,-17.8405,13,3.5,mbLg,II,N FUENCALIENTE DE LA PALMA.ILP,NA
es2021tmtjw,05/10/2021,07:10:36,08:10:36,28.5586,-17.8389,14,3.4,mbLg,II,NE FUENCALIENTE DE LA PALMA.IL,NA
es2021tmsss,05/10/2021,06:50:38,07:50:38,28.5806,-17.8659,34,3.1,mbLg,II,S EL PASO.ILP,NA
es2021tmrzg,05/10/2021,06:27:59,07:27:59,28.6207,-17.8251,30,3.0,mbLg,I-II,NW VILLA DE MAZO.ILP,NA
es2021tmrjx,05/10/2021,06:10:03,07:10:03,28.5642,-17.8242,11,3.2,mbLg,II-III,SW VILLA DE MAZO.ILP,NA
es2021tmrak,05/10/2021,05:58:57,06:58:57,28.6442,-17.7765,37,3.3,mbLg,II,W BRE헤 BAJA.ILP,NA
es2021tmqgj,05/10/2021,05:35:36,07:35:36,37.1846,-3.7095,,1.5,mbLg,II,SE SANTA FE.GR,NA
es2021tmnsk,05/10/2021,04:18:43,05:18:43,28.6068,-17.7926,37,3.4,mbLg,II-III,W VILLA DE MAZO.ILP,NA
es2021tmmii,05/10/2021,03:36:38,04:36:38,28.6168,-17.8083,38,3.9,mbLg,III,NW VILLA DE MAZO.ILP,NA
es2021tmlho,05/10/2021,03:05:27,04:05:27,28.5580,-17.8421,14,3.5,mbLg,II,NE FUENCALIENTE DE LA PALMA.IL,NA
es2021tmkur,05/10/2021,02:50:27,03:50:27,28.5568,-17.8186,14,3.1,mbLg,II,SW VILLA DE MAZO.ILP,NA
es2021tmhfs,05/10/2021,01:02:06,02:02:06,28.5534,-17.8621,10,3.2,mbLg,II-III,N FUENCALIENTE DE LA PALMA.ILP,NA
es2021tmcte,04/10/2021,22:46:12,23:46:12,28.5659,-17.8489,11,3.1,mbLg,II,N FUENCALIENTE DE LA PALMA.ILP,NA
es2021tmbsh,04/10/2021,22:14:54,23:14:54,28.5651,-17.8287,10,3.4,mbLg,III,SW VILLA DE MAZO.ILP,NA
es2021tlzdx,04/10/2021,20:58:06,21:58:06,28.5617,-17.8438,11,2.9,mbLg,I-II,N FUENCALIENTE DE LA PALMA.ILP,NA
es2021tlxts,04/10/2021,20:15:21,21:15:21,28.5574,-17.8226,10,2.6,mbLg,I-II,SW VILLA DE MAZO.ILP,NA
es2021tlxgv,04/10/2021,20:00:19,21:00:19,28.5592,-17.8189,16,3.1,mbLg,II,SW VILLA DE MAZO.ILP,NA
es2021tlvgc,04/10/2021,18:58:51,19:58:51,28.5679,-17.8423,10,3.7,mbLg,III-IV,N FUENCALIENTE DE LA PALMA.ILP,NA
es2021tlvco,04/10/2021,18:54:42,19:54:42,28.5645,-17.7825,35,3.2,mbLg,III,S VILLA DE MAZO.ILP,NA
es2021tluxx,04/10/2021,18:49:17,19:49:17,28.5649,-17.8348,10,3.2,mbLg,II,NE FUENCALIENTE DE LA PALMA.IL,NA
es2021tltbp,04/10/2021,17:52:58,18:52:58,28.5622,-17.8297,10,2.9,mbLg,II,SW VILLA DE MAZO.ILP,NA
es2021tlsqk,04/10/2021,17:39:57,18:39:57,28.5654,-17.8270,11,3.0,mbLg,II,SW VILLA DE MAZO.ILP,NA
es2021tlsjm,04/10/2021,17:31:52,18:31:52,28.5643,-17.8203,12,3.4,mbLg,III,SW VILLA DE MAZO.ILP,NA
es2021tlrrb,04/10/2021,17:10:38,18:10:38,28.5661,-17.8496,10,2.9,mbLg,II,N FUENCALIENTE DE LA PALMA.ILP,NA
es2021tlqyp,04/10/2021,16:48:49,17:48:49,28.5610,-17.8477,10,3.0,mbLg,II,N FUENCALIENTE DE LA PALMA.ILP,NA
es2021tlqcf,04/10/2021,16:22:45,17:22:45,28.5644,-17.8564,10,2.4,mbLg,I-II,N FUENCALIENTE DE LA PALMA.ILP,NA
es2021tlpln,04/10/2021,16:03:18,17:03:18,28.5518,-17.8417,12,3.3,mbLg,II,NE FUENCALIENTE DE LA PALMA.IL,NA
es2021tlnld,04/10/2021,15:02:15,16:02:15,28.5560,-17.8412,14,3.0,mbLg,II,NE FUENCALIENTE DE LA PALMA.IL,NA
es2021tlmva,04/10/2021,14:43:26,16:43:26,37.0487,-5.3210,1,3.1,mbLg,III,NW PRUNA.SE,NA
es2021tlmkh,04/10/2021,14:30:59,15:30:59,28.5651,-17.8290,11,3.7,mbLg,III,SW VILLA DE MAZO.ILP,NA
es2021tllua,04/10/2021,14:11:59,15:11:59,28.5601,-17.8502,9,2.5,mbLg,II,N FUENCALIENTE DE LA PALMA.ILP,NA
es2021tlgeh,04/10/2021,11:22:07,12:22:07,28.5644,-17.8230,12,3.4,mbLg,II-III,SW VILLA DE MAZO.ILP,NA
es2021tlfap,04/10/2021,10:47:31,11:47:31,28.5942,-17.8286,10,2.6,mbLg,II,W VILLA DE MAZO.ILP,NA
es2021tlewx,04/10/2021,10:43:10,11:43:10,28.5554,-17.8341,14,3.1,mbLg,II,NE FUENCALIENTE DE LA PALMA.IL,NA
es2021tldif,04/10/2021,09:55:46,10:55:46,28.5497,-17.8367,14,3.1,mbLg,II-III,NE FUENCALIENTE DE LA PALMA.IL,NA
es2021tlcsv,04/10/2021,09:37:49,10:37:49,28.5959,-17.8179,30,3.1,mbLg,II,W VILLA DE MAZO.ILP,NA
es2021tlbkt,04/10/2021,08:58:08,09:58:08,28.5605,-17.8313,12,2.8,mbLg,II,NE FUENCALIENTE DE LA PALMA.IL,NA
es2021tkzmu,04/10/2021,07:59:57,08:59:57,28.5534,-17.8410,13,3.2,mbLg,II,NE FUENCALIENTE DE LA PALMA.IL,NA
es2021tkzbj,04/10/2021,07:46:32,08:46:32,28.5637,-17.8321,12,3.3,mbLg,II,SW VILLA DE MAZO.ILP,NA
es2021tkyqo,04/10/2021,07:33:59,08:33:59,28.5537,-17.8371,11,3.3,mbLg,II-III,NE FUENCALIENTE DE LA PALMA.IL,NA
es2021tkxfz,04/10/2021,06:51:19,07:51:19,28.5569,-17.8406,11,2.7,mbLg,II,NE FUENCALIENTE DE LA PALMA.IL,NA
es2021tkwzw,04/10/2021,06:44:11,07:44:11,28.5663,-17.8216,14,3.1,mbLg,II,SW VILLA DE MAZO.ILP,NA
es2021tkwfl,04/10/2021,06:20:23,07:20:23,28.5595,-17.8193,13,3.4,mbLg,III,SW VILLA DE MAZO.ILP,NA
es2021tkvoz,04/10/2021,06:01:12,07:01:12,28.5605,-17.8277,13,3.0,mbLg,II-III,NE FUENCALIENTE DE LA PALMA.IL,NA
es2021tkvap,04/10/2021,05:44:27,06:44:27,28.5640,-17.8393,12,3.0,mbLg,I-II,NE FUENCALIENTE DE LA PALMA.IL,NA
es2021tkutl,04/10/2021,05:36:08,06:36:08,28.5535,-17.8302,14,3.4,mbLg,II-III,NE FUENCALIENTE DE LA PALMA.IL,NA
es2021tkuhg,04/10/2021,05:21:55,06:21:55,28.5666,-17.8324,11,2.8,mbLg,II,SW VILLA DE MAZO.ILP,NA
es2021tkpbj,04/10/2021,02:43:29,03:43:29,28.5429,-17.8494,13,2.9,mbLg,I-II,N FUENCALIENTE DE LA PALMA.ILP,NA
es2021tkiqv,03/10/2021,23:29:22,00:29:22,28.5842,-17.8249,10,2.4,mbLg,I-II,SW VILLA DE MAZO.ILP,NA
es2021tkigr,03/10/2021,23:17:34,00:17:34,28.5562,-17.8402,13,3.2,mbLg,II-III,NE FUENCALIENTE DE LA PALMA.IL,NA
es2021tkhxz,03/10/2021,23:07:22,00:07:22,28.5592,-17.8463,12,3.4,mbLg,II-III,N FUENCALIENTE DE LA PALMA.ILP,NA
es2021tkhqh,03/10/2021,22:58:26,23:58:26,28.5592,-17.8407,12,3.4,mbLg,II,NE FUENCALIENTE DE LA PALMA.IL,NA
es2021tkfye,03/10/2021,22:06:59,23:06:59,28.5570,-17.8451,10,3.4,mbLg,III,N FUENCALIENTE DE LA PALMA.ILP,NA
es2021tkeuv,03/10/2021,21:32:47,22:32:47,28.5592,-17.8264,12,3.5,mbLg,III,NE FUENCALIENTE DE LA PALMA.IL,NA
es2021tkbps,03/10/2021,19:55:53,21:55:53,36.5678,-5.4005,3,1.7,mbLg,II,SW CORTES DE LA FRONTERA.MA,NA
es2021tkagc,03/10/2021,19:14:37,20:14:37,28.5629,-17.8261,12,3.7,mbLg,III,SW VILLA DE MAZO.ILP,NA
es2021tjyfl,03/10/2021,18:13:02,19:13:02,28.5723,-17.8396,13,2.9,mbLg,II,SW VILLA DE MAZO.ILP,NA
es2021tjtsz,03/10/2021,15:57:19,16:57:19,28.1983,-16.4803,16,1.6,mbLg,I-II,N ARICO.ITF,NA
es2021tjrwp,03/10/2021,15:00:51,16:00:51,28.5207,-17.8039,30,2.7,mbLg,I-II,NE FUENCALIENTE DE LA PALMA.IL,NA
es2021tiuqa,03/10/2021,03:16:08,04:16:08,28.5542,-17.8306,14,3.5,mbLg,II-III,NE FUENCALIENTE DE LA PALMA.IL,NA
es2021timnk,02/10/2021,23:10:35,01:10:35,37.9006,-5.0307,2,2.1,mbLg,II-III,N ALMOD흈AR DEL R펦.CO,NA
es2021tieyx,02/10/2021,19:21:32,20:21:32,28.5684,-17.7934,36,3.1,mbLg,II,SW VILLA DE MAZO.ILP,NA
es2021tiehj,02/10/2021,19:01:06,20:01:06,28.5046,-17.8029,23,2.4,mbLg,I-II,E FUENCALIENTE DE LA PALMA.ILP,NA
es2021tidlx,02/10/2021,18:36:30,19:36:30,28.5591,-17.8411,13,3.1,mbLg,II,NE FUENCALIENTE DE LA PALMA.IL,NA
es2021ticru,02/10/2021,18:12:39,19:12:39,28.5534,-17.8381,14,3.2,mbLg,II,NE FUENCALIENTE DE LA PALMA.IL,NA
es2021tiazu,02/10/2021,17:21:23,18:21:23,28.5995,-17.7975,35,3.0,mbLg,II,W VILLA DE MAZO.ILP,NA
es2021thvrk,02/10/2021,14:40:03,15:40:03,28.5698,-17.8212,10,2.6,mbLg,I-II,SW VILLA DE MAZO.ILP,NA
es2021thqva,02/10/2021,12:12:45,13:12:45,28.5611,-17.8423,11,3.6,mbLg,III,N FUENCALIENTE DE LA PALMA.ILP,NA
es2021thlot,02/10/2021,09:33:54,10:33:54,28.5599,-17.8420,12,3.5,mbLg,III,NE FUENCALIENTE DE LA PALMA.IL,NA
es2021thejv,02/10/2021,05:56:01,06:56:01,28.5650,-17.8336,13,3.0,mbLg,I-II,SW VILLA DE MAZO.ILP,NA
es2021thbix,02/10/2021,04:23:57,05:23:57,27.4895,-15.3939,30,3.1,mbLg,I-II,ATL쳁TICO-CANARIAS,NA
es2021tgurc,02/10/2021,01:01:22,02:01:22,28.5685,-17.8423,15,2.7,mbLg,I-II,N FUENCALIENTE DE LA PALMA.ILP,NA
es2021tgigj,01/10/2021,18:45:12,19:45:12,28.5739,-17.8346,11,3.4,mbLg,II,SW VILLA DE MAZO.ILP,NA
es2021tgeon,01/10/2021,16:53:29,17:53:29,28.5589,-17.8358,12,3.4,mbLg,III,NE FUENCALIENTE DE LA PALMA.IL,NA
es2021tfzgw,01/10/2021,14:13:01,15:13:01,28.5621,-17.8530,10,3.6,mbLg,III,N FUENCALIENTE DE LA PALMA.ILP,NA
es2021tfxel,01/10/2021,13:09:35,14:09:35,28.5712,-17.8406,11,2.5,mbLg,I-II,SW VILLA DE MAZO.ILP,NA
es2021tfstx,01/10/2021,10:56:05,11:56:05,28.5516,-17.8469,14,3.2,mbLg,I-II,N FUENCALIENTE DE LA PALMA.ILP,NA
es2021teqei,30/09/2021,20:30:12,21:30:12,28.5790,-17.8483,13,3.5,mbLg,III,SW VILLA DE MAZO.ILP,NA
es2021temxo,30/09/2021,18:50:29,19:50:29,28.5549,-17.8302,13,3.4,mbLg,II-III,NE FUENCALIENTE DE LA PALMA.IL,NA
es2021tdzcx,30/09/2021,11:52:25,12:52:25,28.5720,-17.8337,12,2.8,mbLg,I-II,SW VILLA DE MAZO.ILP,NA
es2021tdsgb,30/09/2021,08:23:57,09:23:57,28.5592,-17.8444,13,3.1,mbLg,I-II,N FUENCALIENTE DE LA PALMA.ILP,NA
es2021tdgys,30/09/2021,02:42:01,03:42:01,28.5736,-17.8496,11,2.9,mbLg,I-II,N FUENCALIENTE DE LA PALMA.ILP,NA
es2021tddhh,30/09/2021,00:50:47,01:50:47,28.6119,-17.8220,10,2.7,mbLg,II,W VILLA DE MAZO.ILP,NA
es2021tczey,29/09/2021,22:46:48,23:46:48,28.5842,-17.8366,12,2.6,mbLg,II,SW VILLA DE MAZO.ILP,NA
es2021tcudv,29/09/2021,20:13:57,22:13:57,39.2133,-2.8514,3,2.8,mbLg,II-III,SW SOCU텗LAMOS.CR,NA
es2021tcsro,29/09/2021,19:29:23,20:29:23,28.5528,-17.8374,13,3.3,mbLg,II,NE FUENCALIENTE DE LA PALMA.IL,NA
es2021tcqvu,29/09/2021,18:33:58,19:33:58,28.5587,-17.8425,14,3.3,mbLg,II,NE FUENCALIENTE DE LA PALMA.IL,NA
es2021tcpae,29/09/2021,17:38:10,18:38:10,28.0685,-16.2013,20,1.9,mbLg,I-II,ATL쳁TICO-CANARIAS,NA
es2021tcobx,29/09/2021,17:09:53,19:09:53,37.3675,-1.9520,8,1.6,mbLg,I-II,SW HURCAL-OVERA.AL,NA
es2021tcajc,29/09/2021,10:13:58,11:13:58,28.5603,-17.8342,12,3.2,mbLg,II,NE FUENCALIENTE DE LA PALMA.IL,NA
es2021tbrba,29/09/2021,05:31:47,07:31:47,35.4599,-3.6570,,3.2,mbLg,II,ALBOR쳁 SUR,NA
es2021tblvj,29/09/2021,02:53:40,03:53:40,28.5446,-17.8333,14,3.0,mbLg,II,NE FUENCALIENTE DE LA PALMA.IL,NA
es2021tblhq,29/09/2021,02:37:40,03:37:40,28.5566,-17.8351,14,2.5,mbLg,I-II,NE FUENCALIENTE DE LA PALMA.IL,NA
es2021tbctt,28/09/2021,22:19:00,23:19:00,28.5646,-17.8272,11,3.3,mbLg,III,SW VILLA DE MAZO.ILP,NA
es2021taxqf,28/09/2021,19:43:21,20:43:21,28.5705,-17.8346,11,2.6,mbLg,I-II,SW VILLA DE MAZO.ILP,NA
es2021tastp,28/09/2021,17:15:46,18:15:46,28.5682,-17.8465,12,3.3,mbLg,II,N FUENCALIENTE DE LA PALMA.ILP,NA
es2021tasgf,28/09/2021,17:04:17,19:04:17,35.5415,-3.7019,,2.9,mbLg,I-II,ALBOR쳁 SUR,NA
es2021tarat,28/09/2021,16:23:28,17:23:28,28.5565,-17.8323,11,3.3,mbLg,II,NE FUENCALIENTE DE LA PALMA.IL,NA
es2021tapzp,28/09/2021,15:51:48,16:51:48,28.5669,-17.8222,13,3.3,mbLg,II,SW VILLA DE MAZO.ILP,NA
es2021tabph,28/09/2021,08:35:31,09:35:31,28.5603,-17.8443,11,2.9,mbLg,I-II,N FUENCALIENTE DE LA PALMA.ILP,NA
es2021szvsr,28/09/2021,05:37:38,06:37:38,28.5846,-17.8696,2,2.5,mbLg,II,S EL PASO.ILP,NA
es2021szskn,28/09/2021,03:57:09,05:57:09,36.6413,-4.5725,74,2.8,mb,II,SW ALHAUR펥 DE LA TORRE.MA,NA
es2021szaei,27/09/2021,18:44:25,20:44:25,40.1393,-3.4745,,2.8,mbLg,II,NE VILLACONEJOS.M,NA
es2021sybdp,27/09/2021,06:05:55,07:05:55,28.5640,-17.8857,10,3.2,mbLg,I-II,NW FUENCALIENTE DE LA PALMA.IL,NA
es2021syasl,27/09/2021,05:52:53,07:52:53,42.2352,-8.4963,11,2.7,mbLg,II,NW MONDARIZ-BALNEARIO.PO,NA
es2021swzzd,26/09/2021,16:22:25,18:22:25,35.4105,-3.6770,8,3.1,mbLg,II,ALBOR쳁 SUR,NA
es2021swhnh,26/09/2021,07:03:04,09:03:04,38.6285,-0.3150,,2.1,mbLg,II,NW SELLA.A,NA
es2021svxbz,26/09/2021,01:46:49,02:46:49,28.5722,-17.8447,13,2.6,mbLg,I-II,SW VILLA DE MAZO.ILP,NA
es2021suokx,25/09/2021,08:16:27,10:16:27,35.4885,-3.6671,,2.7,mbLg,II,ALBOR쳁 SUR,NA
es2021stmax,24/09/2021,17:56:12,19:56:12,37.2081,-3.7448,8,1.9,mbLg,I-II,E CHAUCHINA.GR,NA
es2021ssmbx,24/09/2021,04:49:21,06:49:21,38.0264,-0.6960,5,2.0,mbLg,II,E LOS MONTESINOS.A,NA
es2021ssdop,24/09/2021,00:31:27,02:31:27,35.5881,-3.7363,,3.8,Mw,III,ALBOR쳁 SUR,NA
es2021srwwy,23/09/2021,21:08:58,23:08:58,37.8899,-1.1064,,2.0,mbLg,II-III,S MURCIA.MU,NA
es2021sqbat,22/09/2021,20:58:40,21:58:40,28.5767,-17.8715,,3.0,mbLg,III,S EL PASO.ILP,NA
es2021spptv,22/09/2021,15:17:12,16:17:12,28.6090,-17.9425,16,2.4,mbLg,II,SW TAZACORTE.ILP,NA
es2021soubv,22/09/2021,04:19:45,05:19:45,28.5915,-17.8772,11,2.0,mbLg,I-II,S EL PASO.ILP,NA
es2021somir,22/09/2021,00:25:11,01:25:11,28.1033,-15.6518,11,2.2,mbLg,II,SW SANTA MAR페 DE GU페 DE GRAN,NA
es2021snvza,21/09/2021,16:09:07,17:09:07,28.5774,-17.9215,9,2.5,mbLg,I-II,S TAZACORTE.ILP,NA
es2021snpmu,21/09/2021,12:53:02,14:53:02,35.4438,-3.5062,16,2.5,mbLg,I-II,ALBOR쳁 SUR,NA
es2021sngcz,21/09/2021,08:08:49,09:08:49,28.6178,-17.8997,1,3.0,mbLg,II-III,SW EL PASO.ILP,NA
es2021sncmx,21/09/2021,06:19:09,07:19:09,28.5916,-17.8711,1,2.6,mbLg,I-II,S EL PASO.ILP,NA
es2021snacw,21/09/2021,05:06:50,06:06:50,28.6262,-17.8998,1,3.2,mbLg,III,SW EL PASO.ILP,NA
es2021smnup,20/09/2021,22:53:30,23:53:30,28.6050,-17.8576,1,2.9,mbLg,II,SE EL PASO.ILP,NA
es2021smjdw,20/09/2021,20:32:46,21:32:46,28.6148,-17.9010,,3.8,mbLg,III,SE TAZACORTE.ILP,NA
es2021smgea,20/09/2021,19:02:03,21:02:03,35.3994,-3.6649,13,2.5,mbLg,I-II,ALBOR쳁 SUR,NA
es2021slhmx,20/09/2021,06:34:43,07:34:43,28.6000,-17.8651,1,3.0,mbLg,I-II,S EL PASO.ILP,NA
es2021skogq,19/09/2021,20:51:36,22:51:36,35.5017,-3.5886,19,2.4,mbLg,I-II,ALBOR쳁 SUR,NA
es2021skhia,19/09/2021,17:21:02,18:21:02,28.6064,-17.8638,2,2.1,mbLg,I-II,SE EL PASO.ILP,NA
es2021skazs,19/09/2021,14:09:30,15:09:30,28.5896,-17.9695,,2.4,mbLg,I-II,SW TAZACORTE.ILP,NA
es2021skarm,19/09/2021,13:59:54,14:59:54,28.6190,-17.8913,2,2.7,mbLg,II-III,SW EL PASO.ILP,NA
es2021skajk,19/09/2021,13:50:29,14:50:29,28.6046,-17.8955,1,2.1,mbLg,II,SW EL PASO.ILP,NA
es2021sjyyz,19/09/2021,13:08:02,14:08:02,28.6087,-17.8749,,2.6,mbLg,II,S EL PASO.ILP,NA
es2021sjyqq,19/09/2021,12:58:19,13:58:19,28.6104,-17.8651,1,2.7,mbLg,II-III,SE EL PASO.ILP,NA
es2021sjyhs,19/09/2021,12:47:56,13:47:56,28.6378,-17.8666,3,2.6,mbLg,II-III,SE EL PASO.ILP,NA
es2021sjxwb,19/09/2021,12:34:20,13:34:20,28.6107,-17.8782,1,2.1,mbLg,I-II,S EL PASO.ILP,NA
es2021sjxhw,19/09/2021,12:17:47,13:17:47,28.6197,-17.8843,3,2.3,mbLg,I-II,S EL PASO.ILP,NA
es2021sjxcr,19/09/2021,12:11:44,13:11:44,28.6379,-17.8738,,1.8,mbLg,I-II,SE EL PASO.ILP,NA
es2021sjwsd,19/09/2021,11:59:27,12:59:27,28.6127,-17.8757,1,2.2,mbLg,I-II,S EL PASO.ILP,NA
es2021sjwdy,19/09/2021,11:42:53,12:42:53,28.6218,-17.8838,,2.7,mbLg,II-III,S EL PASO.ILP,NA
es2021sjvbc,19/09/2021,11:09:17,12:09:17,28.6106,-17.8655,1,3.1,mbLg,III,SE EL PASO.ILP,NA
es2021sjusw,19/09/2021,11:00:20,12:00:20,28.6296,-17.8746,1,2.5,mbLg,II-III,S EL PASO.ILP,NA
es2021sjufx,19/09/2021,10:44:36,11:44:36,28.5969,-17.9249,1,2.2,mbLg,II-III,S TAZACORTE.ILP,NA
es2021sjucl,19/09/2021,10:40:33,11:40:33,28.6095,-17.8692,5,2.0,mbLg,I-II,S EL PASO.ILP,NA
es2021sjtwt,19/09/2021,10:33:55,11:33:55,28.6195,-17.8810,1,2.2,mbLg,I-II,S EL PASO.ILP,NA
es2021sjtgv,19/09/2021,10:16:45,11:16:45,28.6163,-17.8695,,3.8,mbLg,III-IV,S EL PASO.ILP,NA
es2021sjsmw,19/09/2021,09:52:03,10:52:03,28.6125,-17.8675,1,3.2,mbLg,III,SE EL PASO.ILP,NA
es2021sjsbm,19/09/2021,09:38:46,10:38:46,28.6164,-17.8742,1,2.6,mbLg,II,S EL PASO.ILP,NA
es2021sjrpf,19/09/2021,09:24:31,10:24:31,28.6315,-17.8798,3,1.8,mbLg,I-II,S EL PASO.ILP,NA
es2021sjqxj,19/09/2021,09:03:42,10:03:42,28.6177,-17.8712,2,1.9,mbLg,II,S EL PASO.ILP,NA
es2021sjqnh,19/09/2021,08:51:57,09:51:57,28.6280,-17.8829,4,1.9,mbLg,I-II,S EL PASO.ILP,NA
es2021sjpzk,19/09/2021,08:35:46,09:35:46,28.6231,-17.8871,3,2.1,mbLg,II-III,SW EL PASO.ILP,NA
es2021sjpgw,19/09/2021,08:14:08,09:14:08,28.6111,-17.8633,1,2.6,mbLg,II,SE EL PASO.ILP,NA
es2021sjoxx,19/09/2021,08:03:43,09:03:43,28.6279,-17.8756,1,1.9,mbLg,II,S EL PASO.ILP,NA
es2021sjolo,19/09/2021,07:49:20,08:49:20,28.6255,-17.8716,1,2.3,mbLg,II,SE EL PASO.ILP,NA
es2021sjnfy,19/09/2021,07:12:27,08:12:27,28.6152,-17.8694,,3.2,mbLg,III,S EL PASO.ILP,NA
es2021sjmmd,19/09/2021,06:49:58,07:49:58,28.6140,-17.8701,1,2.4,mbLg,II-III,S EL PASO.ILP,NA
es2021sjltt,19/09/2021,06:28:35,07:28:35,28.6195,-17.8753,,3.3,mbLg,III,S EL PASO.ILP,NA
es2021sjlkx,19/09/2021,06:17:41,07:17:41,28.6268,-17.8748,,2.5,mbLg,II,S EL PASO.ILP,NA
es2021sjlad,19/09/2021,06:05:04,07:05:04,28.6183,-17.8778,2,2.0,mbLg,II,S EL PASO.ILP,NA
es2021sjkps,19/09/2021,05:52:54,07:52:54,35.4972,-3.6162,,2.9,mbLg,I-II,ALBOR쳁 SUR,NA
es2021sjkjx,19/09/2021,05:46:11,06:46:11,28.5719,-17.8805,,1.6,mbLg,II,NW FUENCALIENTE DE LA PALMA.IL,NA
es2021sjjys,19/09/2021,05:33:08,06:33:08,28.6090,-17.8860,1,2.5,mbLg,II,S EL PASO.ILP,NA
es2021sjjrn,19/09/2021,05:24:43,06:24:43,28.6238,-17.8841,,2.3,mbLg,II,S EL PASO.ILP,NA
es2021sjjoc,19/09/2021,05:22:18,06:22:18,28.6254,-17.8822,,2.6,mbLg,II,S EL PASO.ILP,NA
es2021sjjmu,19/09/2021,05:20:04,06:20:04,28.6190,-17.8789,1,2.6,mbLg,II,S EL PASO.ILP,NA
es2021sjjko,19/09/2021,05:17:25,06:17:25,28.6279,-17.8733,1,2.7,mbLg,III,S EL PASO.ILP,NA
es2021sjjci,19/09/2021,05:07:01,06:07:01,28.6236,-17.8971,1,2.6,mbLg,II-III,SW EL PASO.ILP,NA
es2021sjipv,19/09/2021,04:52:25,05:52:25,28.5960,-17.8746,10,2.0,mbLg,II,S EL PASO.ILP,NA
es2021sjeba,19/09/2021,02:33:59,03:33:59,28.5834,-17.8551,2,1.9,mbLg,II,SE EL PASO.ILP,NA
es2021sjdcy,19/09/2021,02:05:57,03:05:57,28.6051,-17.8762,4,2.1,mbLg,I-II,S EL PASO.ILP,NA
es2021sjcnz,19/09/2021,01:48:29,03:48:29,35.5058,-3.6605,4,2.6,mbLg,I-II,ALBOR쳁 SUR,NA
es2021sjauu,19/09/2021,00:55:46,02:55:46,35.4827,-3.6560,,2.5,mbLg,I-II,ALBOR쳁 SUR,NA
es2021sizwq,19/09/2021,00:31:48,02:31:48,35.4570,-3.6333,4,4.0,Mw,III,ALBOR쳁 SUR,NA
es2021siziy,19/09/2021,00:11:41,01:11:41,28.5911,-17.8781,4,1.6,mbLg,I-II,S EL PASO.ILP,NA
es2021siyjx,18/09/2021,23:42:29,00:42:29,28.5741,-17.8664,,2.7,mbLg,III,N FUENCALIENTE DE LA PALMA.ILP,NA
es2021siwnp,18/09/2021,22:46:09,23:46:09,28.5847,-17.8664,1,2.5,mbLg,III,S EL PASO.ILP,NA
es2021sivmz,18/09/2021,22:15:07,23:15:07,28.5888,-17.8717,5,1.6,mbLg,I-II,S EL PASO.ILP,NA
es2021siutu,18/09/2021,21:52:46,22:52:46,28.5749,-17.8662,6,1.9,mbLg,I-II,N FUENCALIENTE DE LA PALMA.ILP,NA
es2021siujo,18/09/2021,21:41:28,22:41:28,28.5965,-17.8752,4,2.0,mbLg,II,S EL PASO.ILP,NA
es2021sityo,18/09/2021,21:28:01,22:28:01,28.5952,-17.8725,5,1.8,mbLg,II,S EL PASO.ILP,NA
es2021sitbg,18/09/2021,21:00:51,22:00:51,28.5700,-17.8749,1,2.6,mbLg,II,N FUENCALIENTE DE LA PALMA.ILP,NA
es2021sirdl,18/09/2021,20:02:46,21:02:46,28.5964,-17.8779,5,2.0,mbLg,II,S EL PASO.ILP,NA
es2021sioue,18/09/2021,18:51:21,19:51:21,28.6055,-17.8821,5,2.1,mbLg,II,S EL PASO.ILP,NA
es2021sinwk,18/09/2021,18:24:01,19:24:01,28.6040,-17.8732,3,2.5,mbLg,II,S EL PASO.ILP,NA
es2021sinqq,18/09/2021,18:16:57,19:16:57,28.5958,-17.8740,5,2.7,mbLg,II,S EL PASO.ILP,NA
es2021sinir,18/09/2021,18:07:38,19:07:38,28.6022,-17.8743,4,2.6,mbLg,II,S EL PASO.ILP,NA
es2021sikmn,18/09/2021,16:41:13,17:41:13,28.5645,-17.8907,,1.9,mbLg,II,NW FUENCALIENTE DE LA PALMA.IL,NA
es2021sijng,18/09/2021,16:11:46,17:11:46,28.6047,-17.8903,5,2.5,mbLg,II,S EL PASO.ILP,NA
es2021siiqv,18/09/2021,15:45:38,16:45:38,28.6088,-17.8893,5,1.8,mbLg,I-II,S EL PASO.ILP,NA
es2021sihvy,18/09/2021,15:21:16,16:21:16,28.5708,-17.8745,2,1.9,mbLg,II,N FUENCALIENTE DE LA PALMA.ILP,NA
es2021sifpn,18/09/2021,14:13:10,15:13:10,28.5559,-17.8776,6,2.3,mbLg,II,NW FUENCALIENTE DE LA PALMA.IL,NA
es2021siejv,18/09/2021,13:36:13,14:36:13,28.5940,-17.8670,7,2.1,mbLg,II,S EL PASO.ILP,NA
es2021sidph,18/09/2021,13:12:51,14:12:51,28.6008,-17.8751,6,2.1,mbLg,II,S EL PASO.ILP,NA
es2021sicuo,18/09/2021,12:48:06,13:48:06,28.5805,-17.8670,8,2.5,mbLg,II,S EL PASO.ILP,NA
es2021sibef,18/09/2021,11:58:46,12:58:46,28.5419,-17.9610,1,2.2,mbLg,II,NW FUENCALIENTE DE LA PALMA.IL,NA
es2021shkgm,18/09/2021,03:26:10,04:26:10,28.5807,-17.9041,,3.2,mbLg,III,SE TAZACORTE.ILP,NA
es2021shdvh,18/09/2021,00:11:19,02:11:19,35.4875,-3.5865,12,3.4,mbLg,III,ALBOR쳁 SUR,NA
es2021shauv,17/09/2021,22:39:51,23:39:51,28.5926,-17.8724,5,2.5,mbLg,II,S EL PASO.ILP,NA
es2021sglpp,17/09/2021,14:59:07,15:59:07,28.5963,-17.8689,6,2.3,mbLg,I-II,S EL PASO.ILP,NA
es2021seuwu,16/09/2021,17:28:32,19:28:32,35.4878,-3.6474,6,2.9,mbLg,I-II,ALBOR쳁 SUR,NA
es2021sesys,16/09/2021,16:25:52,17:25:52,28.5642,-17.8601,,2.0,mbLg,I-II,N FUENCALIENTE DE LA PALMA.ILP,NA
es2021serhb,16/09/2021,15:35:02,16:35:02,28.5805,-17.8817,8,2.1,mbLg,II,S EL PASO.ILP,NA
es2021sepfv,16/09/2021,14:32:59,15:32:59,28.6019,-17.8650,6,3.1,mbLg,II-III,SE EL PASO.ILP,NA
es2021senbg,16/09/2021,13:27:03,14:27:03,28.5890,-17.8695,9,2.2,mbLg,I-II,S EL PASO.ILP,NA
es2021selrq,16/09/2021,12:45:31,13:45:31,28.5767,-17.8856,8,2.7,mbLg,I-II,S EL PASO.ILP,NA
es2021seinl,16/09/2021,11:09:43,12:09:43,28.5900,-17.8504,7,3.1,mbLg,II,SE EL PASO.ILP,NA
es2021sddrl,15/09/2021,19:34:51,20:34:51,28.6023,-17.8925,9,2.1,mbLg,I-II,SW EL PASO.ILP,NA
es2021scybs,15/09/2021,16:44:57,17:44:57,28.5932,-17.8822,9,2.6,mbLg,I-II,S EL PASO.ILP,NA
es2021scpqf,15/09/2021,12:29:07,13:29:07,28.5946,-17.8871,7,3.5,mbLg,III,S EL PASO.ILP,NA
es2021scjoo,15/09/2021,09:25:20,10:25:20,28.5914,-17.8826,8,3.2,mbLg,II-III,S EL PASO.ILP,NA
es2021scfmm,15/09/2021,07:21:50,08:21:50,28.5804,-17.8993,,2.9,mbLg,II-III,SE TAZACORTE.ILP,NA
es2021scemt,15/09/2021,06:52:33,08:52:33,35.4717,-3.6690,,3.3,mbLg,II,ALBOR쳁 SUR,NA
es2021scdaz,15/09/2021,06:07:41,07:07:41,28.5917,-17.8852,7,2.9,mbLg,II,S EL PASO.ILP,NA
es2021scdai,15/09/2021,06:06:55,08:06:55,37.3733,-2.2374,,2.7,mbLg,III,NE FINES.AL,NA
es2021scbic,15/09/2021,05:15:23,06:15:23,28.5956,-17.8794,9,3.1,mbLg,III,S EL PASO.ILP,NA
es2021sbvak,15/09/2021,02:04:32,03:04:32,28.5965,-17.8745,7,2.9,mbLg,I-II,S EL PASO.ILP,NA
es2021sbtwk,15/09/2021,01:31:31,02:31:31,28.5989,-17.8736,6,2.5,mbLg,I-II,S EL PASO.ILP,NA
es2021sbsgt,15/09/2021,00:41:00,01:41:00,28.5886,-17.9015,10,1.9,mbLg,I-II,SE TAZACORTE.ILP,NA
es2021sbqvg,14/09/2021,23:57:17,00:57:17,28.5986,-17.8807,8,2.1,mbLg,I-II,S EL PASO.ILP,NA
es2021sbqob,14/09/2021,23:49:34,00:49:34,28.5840,-17.8783,9,2.5,mbLg,II,S EL PASO.ILP,NA
es2021sbpzc,14/09/2021,23:31:28,00:31:28,28.5792,-17.8843,9,2.3,mbLg,Sentido,S EL PASO.ILP,NA
es2021sbnpu,14/09/2021,22:20:01,23:20:01,28.5905,-17.8685,10,2.8,mbLg,II,S EL PASO.ILP,NA
es2021sbmyc,14/09/2021,22:00:56,23:00:56,28.5922,-17.8745,7,2.9,mbLg,II,S EL PASO.ILP,NA
es2021sblic,14/09/2021,21:11:08,22:11:08,28.5870,-17.8741,9,3.0,mbLg,II,S EL PASO.ILP,NA
es2021sbkqy,14/09/2021,20:53:21,21:53:21,28.5762,-17.8905,9,2.0,mbLg,I-II,S EL PASO.ILP,NA
es2021sbkci,14/09/2021,20:33:25,21:33:25,28.5976,-17.8714,7,2.7,mbLg,II,S EL PASO.ILP,NA
es2021sbgai,14/09/2021,18:29:50,20:29:50,37.3030,-2.0704,1,2.3,mbLg,II,SW ZURGENA.AL,NA
es2021sahhb,14/09/2021,06:00:00,07:00:00,28.5780,-17.8790,9,3.5,mbLg,III,S EL PASO.ILP,NA
es2021safdj,14/09/2021,04:55:58,05:55:58,28.5894,-17.8658,8,2.5,mbLg,I-II,S EL PASO.ILP,NA
es2021sacoj,14/09/2021,03:37:00,04:37:00,28.5864,-17.8792,7,2.7,mbLg,I-II,S EL PASO.ILP,NA
es2021sacdw,14/09/2021,03:25:59,04:25:59,28.5853,-17.8635,8,3.0,mbLg,I-II,S EL PASO.ILP,NA
es2021sabwg,14/09/2021,03:16:07,04:16:07,28.5916,-17.8716,8,2.9,mbLg,II,S EL PASO.ILP,NA
es2021rzyhq,14/09/2021,01:27:54,02:27:54,28.5621,-17.8946,9,3.0,mbLg,I-II,NW FUENCALIENTE DE LA PALMA.IL,NA
es2021rzwbf,14/09/2021,00:19:48,01:19:48,28.5779,-17.8698,9,3.1,mbLg,II,S EL PASO.ILP,NA
es2021rzvpx,14/09/2021,00:06:39,01:06:39,28.5705,-17.8898,10,2.5,mbLg,II,NW FUENCALIENTE DE LA PALMA.IL,NA
es2021rzumj,13/09/2021,23:32:17,00:32:17,28.5804,-17.8744,7,3.3,mbLg,III,S EL PASO.ILP,NA
es2021rzufl,13/09/2021,23:24:08,00:24:08,28.5817,-17.8610,9,2.9,mbLg,I-II,S EL PASO.ILP,NA
es2021rztxc,13/09/2021,23:14:25,00:14:25,28.5888,-17.8507,9,3.2,mbLg,III,SE EL PASO.ILP,NA
es2021rztto,13/09/2021,23:10:17,00:10:17,28.5805,-17.8712,8,3.4,mbLg,III,S EL PASO.ILP,NA
es2021rztdr,13/09/2021,22:51:46,23:51:46,28.5784,-17.8746,7,2.7,mbLg,I-II,S EL PASO.ILP,NA
es2021ryubv,13/09/2021,10:11:53,11:11:53,28.5707,-17.8640,10,2.1,mbLg,Sentido,N FUENCALIENTE DE LA PALMA.ILP,NA
es2021rylil,13/09/2021,05:46:50,06:46:50,28.5671,-17.8394,10,2.0,mbLg,I-II,NE FUENCALIENTE DE LA PALMA.IL,NA
es2021ryjwf,13/09/2021,05:02:17,06:02:17,28.5629,-17.8400,10,2.5,mbLg,I-II,NE FUENCALIENTE DE LA PALMA.IL,NA
es2021ryggx,13/09/2021,03:13:31,04:13:31,28.5728,-17.8521,9,3.3,mbLg,II-III,N FUENCALIENTE DE LA PALMA.ILP,NA
es2021rybia,13/09/2021,00:44:08,01:44:08,28.5681,-17.8447,9,2.4,mbLg,II,N FUENCALIENTE DE LA PALMA.ILP,NA
es2021rybaz,13/09/2021,00:39:42,02:39:42,35.4626,-3.6217,4,2.9,mbLg,I-II,ALBOR쳁 SUR,NA
es2021ryasj,13/09/2021,00:25:02,01:25:02,28.5691,-17.8527,9,2.8,mbLg,I-II,N FUENCALIENTE DE LA PALMA.ILP,NA
es2021ryaov,13/09/2021,00:21:06,01:21:06,28.5738,-17.8546,9,3.0,mbLg,I-II,N FUENCALIENTE DE LA PALMA.ILP,NA
es2021ryajx,13/09/2021,00:15:10,01:15:10,28.5672,-17.8513,9,3.1,mbLg,II,N FUENCALIENTE DE LA PALMA.ILP,NA
es2021ryahi,13/09/2021,00:12:10,01:12:10,28.5687,-17.8527,9,2.9,mbLg,I-II,N FUENCALIENTE DE LA PALMA.ILP,NA
es2021ryabq,13/09/2021,00:05:33,01:05:33,28.5692,-17.8574,10,3.1,mbLg,II,N FUENCALIENTE DE LA PALMA.ILP,NA
es2021rxzri,12/09/2021,23:56:08,00:56:08,28.5715,-17.8580,9,3.3,mbLg,III,N FUENCALIENTE DE LA PALMA.ILP,NA
es2021rxzkq,12/09/2021,23:46:55,00:46:55,28.5683,-17.8524,9,3.4,mbLg,II-III,N FUENCALIENTE DE LA PALMA.ILP,NA
es2021rxzda,12/09/2021,23:36:52,00:36:52,28.5697,-17.8459,9,2.9,mbLg,II,N FUENCALIENTE DE LA PALMA.ILP,NA
es2021rxyfj,12/09/2021,23:09:27,00:09:27,28.5650,-17.8481,9,3.0,mbLg,II,N FUENCALIENTE DE LA PALMA.ILP,NA
es2021rxxxp,12/09/2021,23:01:50,00:01:50,28.5600,-17.8520,10,3.0,mbLg,II,N FUENCALIENTE DE LA PALMA.ILP,NA
es2021rxvlo,12/09/2021,21:45:35,23:45:35,41.7930,2.7313,9,2.2,mbLg,I-II,SW SILS.GI,NA
es2021rxviu,12/09/2021,21:42:20,23:42:20,38.6113,-0.8781,8,2.3,mbLg,II,SW VILLENA.A,NA
es2021rxrws,12/09/2021,19:57:22,20:57:22,28.5663,-17.8362,8,2.6,mbLg,II,SW VILLA DE MAZO.ILP,NA
es2021rxiex,12/09/2021,15:03:49,16:03:49,28.5693,-17.8288,9,2.5,mbLg,I-II,SW VILLA DE MAZO.ILP,NA
es2021rsqya,10/09/2021,01:53:38,03:53:38,35.3953,-3.7951,7,3.4,mbLg,II,ALBOR쳁 SUR,NA
